epoch,training_loss
1,1.5963129691412565
2,1.5961807957079954
3,1.5961418182363285
4,1.5961665556511662
5,1.5960908084821792
6,1.5960911506273314
7,1.5961469824468182
8,1.5960559001429602
9,1.5958001658615972
10,1.5959828716779625
